County,Number of Records,Year,Population,fips
Allen,1,2010,13371,20001
Anderson,1,2010,8102,20003
Atchison,1,2010,16924,20005
Barber,1,2010,4861,20007
Barton,1,2010,27674,20009
Bourbon,1,2010,15173,20011
Brown,1,2010,9984,20013
Butler,1,2010,65880,20015
Chase,1,2010,2790,20017
Chautauqua,1,2010,3669,20019
Cherokee,1,2010,21603,20021
Cheyenne,1,2010,2726,20023
Clark,1,2010,2215,20025
Clay,1,2010,8535,20027
Cloud,1,2010,9533,20029
Coffey,1,2010,8601,20031
Comanche,1,2010,1891,20033
Cowley,1,2010,36311,20035
Crawford,1,2010,39134,20037
Decatur,1,2010,2961,20039
Dickinson,1,2010,19754,20041
Doniphan,1,2010,7945,20043
Douglas,1,2010,110826,20045
Edwards,1,2010,3037,20047
Elk,1,2010,2882,20049
Ellis,1,2010,28452,20051
Ellsworth,1,2010,6497,20053
Finney,1,2010,36776,20055
Ford,1,2010,33848,20057
Franklin,1,2010,25992,20059
Geary,1,2010,34362,20061
Gove,1,2010,2695,20063
Graham,1,2010,2597,20065
Grant,1,2010,7829,20067
Gray,1,2010,6006,20069
Greeley,1,2010,1247,20071
Greenwood,1,2010,6689,20073
Hamilton,1,2010,2690,20075
Harper,1,2010,6034,20077
Harvey,1,2010,34684,20079
Haskell,1,2010,4256,20081
Hodgeman,1,2010,1916,20083
Jackson,1,2010,13462,20085
Jefferson,1,2010,19126,20087
Jewell,1,2010,3077,20089
Johnson,1,2010,544179,20091
Kearny,1,2010,3977,20093
Kingman,1,2010,7858,20095
Kiowa,1,2010,2553,20097
Labette,1,2010,21607,20099
Lane,1,2010,1750,20101
Leavenworth,1,2010,76227,20103
Lincoln,1,2010,3241,20105
Linn,1,2010,9656,20107
Logan,1,2010,2756,20109
Lyon,1,2010,33690,20111
Mcpherson,1,2010,29180,20113
Marion,1,2010,12660,20115
Marshall,1,2010,10117,20117
Meade,1,2010,4575,20119
Miami,1,2010,32787,20121
Mitchell,1,2010,6373,20123
Montgomery,1,2010,35471,20125
Morris,1,2010,5923,20127
Morton,1,2010,3233,20129
Nemaha,1,2010,10178,20131
Neosho,1,2010,16512,20133
Ness,1,2010,3107,20135
Norton,1,2010,5671,20137
Osage,1,2010,16295,20139
Osborne,1,2010,3858,20141
Ottawa,1,2010,6091,20143
Pawnee,1,2010,6973,20145
Phillips,1,2010,5642,20147
Pottawatomie,1,2010,21604,20149
Pratt,1,2010,9656,20151
Rawlins,1,2010,2519,20153
Reno,1,2010,64511,20155
Republic,1,2010,4980,20157
Rice,1,2010,10083,20159
Riley,1,2010,71115,20161
Rooks,1,2010,5181,20163
Rush,1,2010,3307,20165
Russell,1,2010,6970,20167
Saline,1,2010,55606,20169
Scott,1,2010,4936,20171
Sedgwick,1,2010,498365,20173
Seward,1,2010,22952,20175
Shawnee,1,2010,177934,20177
Sheridan,1,2010,2556,20179
Sherman,1,2010,6010,20181
Smith,1,2010,3853,20183
Stafford,1,2010,4437,20185
Stanton,1,2010,2235,20187
Stevens,1,2010,5724,20189
Sumner,1,2010,24132,20191
Thomas,1,2010,7900,20193
Trego,1,2010,3001,20195
Wabaunsee,1,2010,7053,20197
Wallace,1,2010,1485,20199
Washington,1,2010,5799,20201
Wichita,1,2010,2234,20203
Wilson,1,2010,9409,20205
Woodson,1,2010,3309,20207
Wyandotte,1,2010,157505,20209
Kansas,1,2010,2853118,
Allen,1,2011,13348,20001
Anderson,1,2011,8059,20003
Atchison,1,2011,16754,20005
Barber,1,2011,4922,20007
Barton,1,2011,27694,20009
Bourbon,1,2011,14944,20011
Brown,1,2011,9971,20013
Butler,1,2011,65836,20015
Chase,1,2011,2768,20017
Chautauqua,1,2011,3608,20019
Cherokee,1,2011,21357,20021
Cheyenne,1,2011,2693,20023
Clark,1,2011,2120,20025
Clay,1,2011,8530,20027
Cloud,1,2011,9420,20029
Coffey,1,2011,8486,20031
Comanche,1,2011,1882,20033
Cowley,1,2011,36242,20035
Crawford,1,2011,39197,20037
Decatur,1,2011,2926,20039
Dickinson,1,2011,19681,20041
Doniphan,1,2011,7959,20043
Douglas,1,2011,112462,20045
Edwards,1,2011,3019,20047
Elk,1,2011,2786,20049
Ellis,1,2011,28762,20051
Ellsworth,1,2011,6463,20053
Finney,1,2011,37119,20055
Ford,1,2011,34381,20057
Franklin,1,2011,25850,20059
Geary,1,2011,35290,20061
Gove,1,2011,2725,20063
Graham,1,2011,2635,20065
Grant,1,2011,7898,20067
Gray,1,2011,6086,20069
Greeley,1,2011,1254,20071
Greenwood,1,2011,6610,20073
Hamilton,1,2011,2636,20075
Harper,1,2011,5935,20077
Harvey,1,2011,34686,20079
Haskell,1,2011,4233,20081
Hodgeman,1,2011,1957,20083
Jackson,1,2011,13424,20085
Jefferson,1,2011,18958,20087
Jewell,1,2011,3090,20089
Johnson,1,2011,552872,20091
Kearny,1,2011,3958,20093
Kingman,1,2011,7890,20095
Kiowa,1,2011,2558,20097
Labette,1,2011,21374,20099
Lane,1,2011,1743,20101
Leavenworth,1,2011,77052,20103
Lincoln,1,2011,3233,20105
Linn,1,2011,9612,20107
Logan,1,2011,2766,20109
Lyon,1,2011,33650,20111
Mcpherson,1,2011,29149,20113
Marion,1,2011,12544,20115
Marshall,1,2011,9981,20117
Meade,1,2011,4519,20119
Miami,1,2011,32735,20121
Mitchell,1,2011,6284,20123
Montgomery,1,2011,34781,20125
Morris,1,2011,5864,20127
Morton,1,2011,3175,20129
Nemaha,1,2011,10089,20131
Neosho,1,2011,16445,20133
Ness,1,2011,3117,20135
Norton,1,2011,5655,20137
Osage,1,2011,16341,20139
Osborne,1,2011,3832,20141
Ottawa,1,2011,6063,20143
Pawnee,1,2011,6977,20145
Phillips,1,2011,5542,20147
Pottawatomie,1,2011,22024,20149
Pratt,1,2011,9642,20151
Rawlins,1,2011,2508,20153
Reno,1,2011,64420,20155
Republic,1,2011,4891,20157
Rice,1,2011,10095,20159
Riley,1,2011,73419,20161
Rooks,1,2011,5199,20163
Rush,1,2011,3211,20165
Russell,1,2011,6984,20167
Saline,1,2011,55778,20169
Scott,1,2011,4892,20171
Sedgwick,1,2011,500984,20173
Seward,1,2011,23140,20175
Shawnee,1,2011,178928,20177
Sheridan,1,2011,2501,20179
Sherman,1,2011,6053,20181
Smith,1,2011,3791,20183
Stafford,1,2011,4380,20185
Stanton,1,2011,2211,20187
Stevens,1,2011,5630,20189
Sumner,1,2011,23783,20191
Thomas,1,2011,7939,20193
Trego,1,2011,2953,20195
Wabaunsee,1,2011,7037,20197
Wallace,1,2011,1525,20199
Washington,1,2011,5818,20201
Wichita,1,2011,2258,20203
Wilson,1,2011,9241,20205
Woodson,1,2011,3323,20207
Wyandotte,1,2011,158020,20209
Kansas,1,2011,2869035,
Allen,1,2012,13305,20001
Anderson,1,2012,7918,20003
Atchison,1,2012,16775,20005
Barber,1,2012,4868,20007
Barton,1,2012,27526,20009
Bourbon,1,2012,14878,20011
Brown,1,2012,9864,20013
Butler,1,2012,65673,20015
Chase,1,2012,2742,20017
Chautauqua,1,2012,3558,20019
Cherokee,1,2012,21191,20021
Cheyenne,1,2012,2667,20023
Clark,1,2012,2165,20025
Clay,1,2012,8506,20027
Cloud,1,2012,9417,20029
Coffey,1,2012,8468,20031
Comanche,1,2012,1912,20033
Cowley,1,2012,36263,20035
Crawford,1,2012,39321,20037
Decatur,1,2012,2883,20039
Dickinson,1,2012,19703,20041
Doniphan,1,2012,7890,20043
Douglas,1,2012,113309,20045
Edwards,1,2012,2965,20047
Elk,1,2012,2661,20049
Ellis,1,2012,29086,20051
Ellsworth,1,2012,6464,20053
Finney,1,2012,37126,20055
Ford,1,2012,34679,20057
Franklin,1,2012,25821,20059
Geary,1,2012,37902,20061
Gove,1,2012,2760,20063
Graham,1,2012,2581,20065
Grant,1,2012,7839,20067
Gray,1,2012,5963,20069
Greeley,1,2012,1267,20071
Greenwood,1,2012,6426,20073
Hamilton,1,2012,2651,20075
Harper,1,2012,5859,20077
Harvey,1,2012,34756,20079
Haskell,1,2012,4214,20081
Hodgeman,1,2012,1927,20083
Jackson,1,2012,13401,20085
Jefferson,1,2012,18878,20087
Jewell,1,2012,3054,20089
Johnson,1,2012,559451,20091
Kearny,1,2012,3972,20093
Kingman,1,2012,7825,20095
Kiowa,1,2012,2512,20097
Labette,1,2012,21163,20099
Lane,1,2012,1683,20101
Leavenworth,1,2012,77635,20103
Lincoln,1,2012,3179,20105
Linn,1,2012,9485,20107
Logan,1,2012,2793,20109
Lyon,1,2012,33557,20111
Mcpherson,1,2012,29217,20113
Marion,1,2012,12374,20115
Marshall,1,2012,10024,20117
Meade,1,2012,4378,20119
Miami,1,2012,32667,20121
Mitchell,1,2012,6301,20123
Montgomery,1,2012,34475,20125
Morris,1,2012,5848,20127
Morton,1,2012,3127,20129
Nemaha,1,2012,10069,20131
Neosho,1,2012,16418,20133
Ness,1,2012,3077,20135
Norton,1,2012,5586,20137
Osage,1,2012,16175,20139
Osborne,1,2012,3809,20141
Ottawa,1,2012,6028,20143
Pawnee,1,2012,6862,20145
Phillips,1,2012,5523,20147
Pottawatomie,1,2012,22328,20149
Pratt,1,2012,9758,20151
Rawlins,1,2012,2509,20153
Reno,1,2012,64199,20155
Republic,1,2012,4825,20157
Rice,1,2012,9987,20159
Riley,1,2012,77499,20161
Rooks,1,2012,5220,20163
Rush,1,2012,3209,20165
Russell,1,2012,6987,20167
Saline,1,2012,55836,20169
Scott,1,2012,4856,20171
Sedgwick,1,2012,504135,20173
Seward,1,2012,23368,20175
Shawnee,1,2012,178965,20177
Sheridan,1,2012,2491,20179
Sherman,1,2012,6120,20181
Smith,1,2012,3753,20183
Stafford,1,2012,4349,20185
Stanton,1,2012,2153,20187
Stevens,1,2012,5739,20189
Sumner,1,2012,23630,20191
Thomas,1,2012,7931,20193
Trego,1,2012,2941,20195
Wabaunsee,1,2012,6994,20197
Wallace,1,2012,1523,20199
Washington,1,2012,5726,20201
Wichita,1,2012,2226,20203
Wilson,1,2012,9123,20205
Woodson,1,2012,3275,20207
Wyandotte,1,2012,159411,20209
Kansas,1,2012,2885361,
Allen,1,2013,13067,20001
Anderson,1,2013,7853,20003
Atchison,1,2013,16690,20005
Barber,1,2013,4910,20007
Barton,1,2013,27453,20009
Bourbon,1,2013,14836,20011
Brown,1,2013,9910,20013
Butler,1,2013,65676,20015
Chase,1,2013,2689,20017
Chautauqua,1,2013,3528,20019
Cherokee,1,2013,20898,20021
Cheyenne,1,2013,2671,20023
Clark,1,2013,2178,20025
Clay,1,2013,8389,20027
Cloud,1,2013,9356,20029
Coffey,1,2013,8378,20031
Comanche,1,2013,1926,20033
Cowley,1,2013,36164,20035
Crawford,1,2013,39246,20037
Decatur,1,2013,2908,20039
Dickinson,1,2013,19430,20041
Doniphan,1,2013,7876,20043
Douglas,1,2013,114711,20045
Edwards,1,2013,2967,20047
Elk,1,2013,2633,20049
Ellis,1,2013,29030,20051
Ellsworth,1,2013,6368,20053
Finney,1,2013,37097,20055
Ford,1,2013,34900,20057
Franklin,1,2013,25730,20059
Geary,1,2013,36802,20061
Gove,1,2013,2794,20063
Graham,1,2013,2588,20065
Grant,1,2013,7853,20067
Gray,1,2013,5980,20069
Greeley,1,2013,1282,20071
Greenwood,1,2013,6358,20073
Hamilton,1,2013,2620,20075
Harper,1,2013,5839,20077
Harvey,1,2013,34720,20079
Haskell,1,2013,4124,20081
Hodgeman,1,2013,1924,20083
Jackson,1,2013,13310,20085
Jefferson,1,2013,18790,20087
Jewell,1,2013,3060,20089
Johnson,1,2013,566411,20091
Kearny,1,2013,3912,20093
Kingman,1,2013,7801,20095
Kiowa,1,2013,2534,20097
Labette,1,2013,20872,20099
Lane,1,2013,1698,20101
Leavenworth,1,2013,78069,20103
Lincoln,1,2013,3160,20105
Linn,1,2013,9544,20107
Logan,1,2013,2775,20109
Lyon,1,2013,33489,20111
Mcpherson,1,2013,29412,20113
Marion,1,2013,12203,20115
Marshall,1,2013,9972,20117
Meade,1,2013,4287,20119
Miami,1,2013,32834,20121
Mitchell,1,2013,6308,20123
Montgomery,1,2013,34449,20125
Morris,1,2013,5719,20127
Morton,1,2013,3116,20129
Nemaha,1,2013,10094,20131
Neosho,1,2013,16382,20133
Ness,1,2013,3087,20135
Norton,1,2013,5614,20137
Osage,1,2013,16079,20139
Osborne,1,2013,3800,20141
Ottawa,1,2013,6043,20143
Pawnee,1,2013,6863,20145
Phillips,1,2013,5562,20147
Pottawatomie,1,2013,22573,20149
Pratt,1,2013,9776,20151
Rawlins,1,2013,2562,20153
Reno,1,2013,64072,20155
Republic,1,2013,4767,20157
Rice,1,2013,9976,20159
Riley,1,2013,76936,20161
Rooks,1,2013,5194,20163
Rush,1,2013,3178,20165
Russell,1,2013,6974,20167
Saline,1,2013,55762,20169
Scott,1,2013,4909,20171
Sedgwick,1,2013,506518,20173
Seward,1,2013,23335,20175
Shawnee,1,2013,178657,20177
Sheridan,1,2013,2500,20179
Sherman,1,2013,6090,20181
Smith,1,2013,3699,20183
Stafford,1,2013,4340,20185
Stanton,1,2013,2176,20187
Stevens,1,2013,5810,20189
Sumner,1,2013,23533,20191
Thomas,1,2013,7933,20193
Trego,1,2013,2945,20195
Wabaunsee,1,2013,7025,20197
Wallace,1,2013,1560,20199
Washington,1,2013,5625,20201
Wichita,1,2013,2190,20203
Wilson,1,2013,9094,20205
Woodson,1,2013,3216,20207
Wyandotte,1,2013,160984,20209
Kansas,1,2013,2893510,
Allen,1,2014,12890,20001
Anderson,1,2014,7881,20003
Atchison,1,2014,16524,20005
Barber,1,2014,4882,20007
Barton,1,2014,27345,20009
Bourbon,1,2014,14798,20011
Brown,1,2014,9781,20013
Butler,1,2014,65867,20015
Chase,1,2014,2653,20017
Chautauqua,1,2014,3455,20019
Cherokee,1,2014,20766,20021
Cheyenne,1,2014,2686,20023
Clark,1,2014,2114,20025
Clay,1,2014,8302,20027
Cloud,1,2014,9332,20029
Coffey,1,2014,8395,20031
Comanche,1,2014,1950,20033
Cowley,1,2014,35889,20035
Crawford,1,2014,39263,20037
Decatur,1,2014,2897,20039
Dickinson,1,2014,19303,20041
Doniphan,1,2014,7839,20043
Douglas,1,2014,116448,20045
Edwards,1,2014,3025,20047
Elk,1,2014,2695,20049
Ellis,1,2014,28963,20051
Ellsworth,1,2014,6349,20053
Finney,1,2014,37148,20055
Ford,1,2014,34958,20057
Franklin,1,2014,25528,20059
Geary,1,2014,36451,20061
Gove,1,2014,2748,20063
Graham,1,2014,2557,20065
Grant,1,2014,7799,20067
Gray,1,2014,6061,20069
Greeley,1,2014,1301,20071
Greenwood,1,2014,6288,20073
Hamilton,1,2014,2659,20075
Harper,1,2014,5827,20077
Harvey,1,2014,34603,20079
Haskell,1,2014,4099,20081
Hodgeman,1,2014,1883,20083
Jackson,1,2014,13437,20085
Jefferson,1,2014,18822,20087
Jewell,1,2014,3043,20089
Johnson,1,2014,573043,20091
Kearny,1,2014,3939,20093
Kingman,1,2014,7683,20095
Kiowa,1,2014,2532,20097
Labette,1,2014,20774,20099
Lane,1,2014,1666,20101
Leavenworth,1,2014,78537,20103
Lincoln,1,2014,3183,20105
Linn,1,2014,9537,20107
Logan,1,2014,2768,20109
Lyon,1,2014,33154,20111
Mcpherson,1,2014,28893,20113
Marion,1,2014,12185,20115
Marshall,1,2014,9943,20117
Meade,1,2014,4358,20119
Miami,1,2014,32868,20121
Mitchell,1,2014,6246,20123
Montgomery,1,2014,34095,20125
Morris,1,2014,5664,20127
Morton,1,2014,3040,20129
Nemaha,1,2014,10087,20131
Neosho,1,2014,16323,20133
Ness,1,2014,3089,20135
Norton,1,2014,5534,20137
Osage,1,2014,15969,20139
Osborne,1,2014,3752,20141
Ottawa,1,2014,6029,20143
Pawnee,1,2014,6822,20145
Phillips,1,2014,5496,20147
Pottawatomie,1,2014,22738,20149
Pratt,1,2014,9767,20151
Rawlins,1,2014,2543,20153
Reno,1,2014,63699,20155
Republic,1,2014,4741,20157
Rice,1,2014,9968,20159
Riley,1,2014,76485,20161
Rooks,1,2014,5204,20163
Rush,1,2014,3162,20165
Russell,1,2014,7004,20167
Saline,1,2014,55524,20169
Scott,1,2014,4969,20171
Sedgwick,1,2014,509072,20173
Seward,1,2014,23335,20175
Shawnee,1,2014,178586,20177
Sheridan,1,2014,2502,20179
Sherman,1,2014,6067,20181
Smith,1,2014,3729,20183
Stafford,1,2014,4282,20185
Stanton,1,2014,2139,20187
Stevens,1,2014,5842,20189
Sumner,1,2014,23379,20191
Thomas,1,2014,7836,20193
Trego,1,2014,2895,20195
Wabaunsee,1,2014,6938,20197
Wallace,1,2014,1501,20199
Washington,1,2014,5610,20201
Wichita,1,2014,2185,20203
Wilson,1,2014,8973,20205
Woodson,1,2014,3188,20207
Wyandotte,1,2014,162320,20209
Kansas,1,2014,2900896,
Allen,1,2015,12662,20001
Anderson,1,2015,7817,20003
Atchison,1,2015,16419,20005
Barber,1,2015,4824,20007
Barton,1,2015,27173,20009
Bourbon,1,2015,14742,20011
Brown,1,2015,9698,20013
Butler,1,2015,66245,20015
Chase,1,2015,2655,20017
Chautauqua,1,2015,3386,20019
Cherokee,1,2015,20527,20021
Cheyenne,1,2015,2677,20023
Clark,1,2015,2081,20025
Clay,1,2015,8294,20027
Cloud,1,2015,9200,20029
Coffey,1,2015,8290,20031
Comanche,1,2015,1827,20033
Cowley,1,2015,35773,20035
Crawford,1,2015,39151,20037
Decatur,1,2015,2926,20039
Dickinson,1,2015,19204,20041
Doniphan,1,2015,7784,20043
Douglas,1,2015,118222,20045
Edwards,1,2015,2956,20047
Elk,1,2015,2573,20049
Ellis,1,2015,29002,20051
Ellsworth,1,2015,6307,20053
Finney,1,2015,37208,20055
Ford,1,2015,34693,20057
Franklin,1,2015,25469,20059
Geary,1,2015,36660,20061
Gove,1,2015,2698,20063
Graham,1,2015,2597,20065
Grant,1,2015,7737,20067
Gray,1,2015,6077,20069
Greeley,1,2015,1301,20071
Greenwood,1,2015,6233,20073
Hamilton,1,2015,2565,20075
Harper,1,2015,5781,20077
Harvey,1,2015,34811,20079
Haskell,1,2015,4088,20081
Hodgeman,1,2015,1860,20083
Jackson,1,2015,13284,20085
Jefferson,1,2015,18813,20087
Jewell,1,2015,2962,20089
Johnson,1,2015,579708,20091
Kearny,1,2015,3936,20093
Kingman,1,2015,7634,20095
Kiowa,1,2015,2572,20097
Labette,1,2015,20630,20099
Lane,1,2015,1630,20101
Leavenworth,1,2015,79099,20103
Lincoln,1,2015,3144,20105
Linn,1,2015,9582,20107
Logan,1,2015,2786,20109
Lyon,1,2015,33165,20111
Mcpherson,1,2015,28634,20113
Marion,1,2015,12047,20115
Marshall,1,2015,9842,20117
Meade,1,2015,4303,20119
Miami,1,2015,32756,20121
Mitchell,1,2015,6300,20123
Montgomery,1,2015,33426,20125
Morris,1,2015,5628,20127
Morton,1,2015,2952,20129
Nemaha,1,2015,10093,20131
Neosho,1,2015,16261,20133
Ness,1,2015,3015,20135
Norton,1,2015,5538,20137
Osage,1,2015,15863,20139
Osborne,1,2015,3642,20141
Ottawa,1,2015,5937,20143
Pawnee,1,2015,6768,20145
Phillips,1,2015,5421,20147
Pottawatomie,1,2015,23126,20149
Pratt,1,2015,9696,20151
Rawlins,1,2015,2508,20153
Reno,1,2015,63591,20155
Republic,1,2015,4688,20157
Rice,1,2015,9925,20159
Riley,1,2015,77149,20161
Rooks,1,2015,5182,20163
Rush,1,2015,3100,20165
Russell,1,2015,7040,20167
Saline,1,2015,55453,20169
Scott,1,2015,4952,20171
Sedgwick,1,2015,511164,20173
Seward,1,2015,23270,20175
Shawnee,1,2015,178736,20177
Sheridan,1,2015,2476,20179
Sherman,1,2015,5963,20181
Smith,1,2015,3689,20183
Stafford,1,2015,4216,20185
Stanton,1,2015,2069,20187
Stevens,1,2015,5795,20189
Sumner,1,2015,23403,20191
Thomas,1,2015,7896,20193
Trego,1,2015,2906,20195
Wabaunsee,1,2015,6884,20197
Wallace,1,2015,1505,20199
Washington,1,2015,5568,20201
Wichita,1,2015,2164,20203
Wilson,1,2015,8848,20205
Woodson,1,2015,3144,20207
Wyandotte,1,2015,163832,20209
Kansas,1,2015,2909502,
Allen,1,2016,12634,20001
Anderson,1,2016,7815,20003
Atchison,1,2016,16376,20005
Barber,1,2016,4673,20007
Barton,1,2016,26896,20009
Bourbon,1,2016,14642,20011
Brown,1,2016,9633,20013
Butler,1,2016,66628,20015
Chase,1,2016,2631,20017
Chautauqua,1,2016,3359,20019
Cherokee,1,2016,20232,20021
Cheyenne,1,2016,2674,20023
Clark,1,2016,2064,20025
Clay,1,2016,8101,20027
Cloud,1,2016,9095,20029
Coffey,1,2016,8333,20031
Comanche,1,2016,1840,20033
Cowley,1,2016,35717,20035
Crawford,1,2016,39078,20037
Decatur,1,2016,2832,20039
Dickinson,1,2016,18955,20041
Doniphan,1,2016,7712,20043
Douglas,1,2016,119858,20045
Edwards,1,2016,2901,20047
Elk,1,2016,2510,20049
Ellis,1,2016,28948,20051
Ellsworth,1,2016,6304,20053
Finney,1,2016,36963,20055
Ford,1,2016,34594,20057
Franklin,1,2016,25530,20059
Geary,1,2016,35136,20061
Gove,1,2016,2623,20063
Graham,1,2016,2573,20065
Grant,1,2016,7689,20067
Gray,1,2016,6020,20069
Greeley,1,2016,1277,20071
Greenwood,1,2016,6109,20073
Hamilton,1,2016,2629,20075
Harper,1,2016,5669,20077
Harvey,1,2016,34736,20079
Haskell,1,2016,4022,20081
Hodgeman,1,2016,1834,20083
Jackson,1,2016,13269,20085
Jefferson,1,2016,18842,20087
Jewell,1,2016,2880,20089
Johnson,1,2016,585921,20091
Kearny,1,2016,3902,20093
Kingman,1,2016,7412,20095
Kiowa,1,2016,2510,20097
Labette,1,2016,20313,20099
Lane,1,2016,1593,20101
Leavenworth,1,2016,80190,20103
Lincoln,1,2016,3082,20105
Linn,1,2016,9608,20107
Logan,1,2016,2818,20109
Lyon,1,2016,33425,20111
Mcpherson,1,2016,28411,20113
Marion,1,2016,12008,20115
Marshall,1,2016,9783,20117
Meade,1,2016,4238,20119
Miami,1,2016,32916,20121
Mitchell,1,2016,6224,20123
Montgomery,1,2016,32820,20125
Morris,1,2016,5552,20127
Morton,1,2016,2787,20129
Nemaha,1,2016,10088,20131
Neosho,1,2016,16062,20133
Ness,1,2016,2953,20135
Norton,1,2016,5494,20137
Osage,1,2016,15807,20139
Osborne,1,2016,3592,20141
Ottawa,1,2016,5908,20143
Pawnee,1,2016,6717,20145
Phillips,1,2016,5404,20147
Pottawatomie,1,2016,23612,20149
Pratt,1,2016,9554,20151
Rawlins,1,2016,2500,20153
Reno,1,2016,63184,20155
Republic,1,2016,4660,20157
Rice,1,2016,9788,20159
Riley,1,2016,75163,20161
Rooks,1,2016,5123,20163
Rush,1,2016,3055,20165
Russell,1,2016,7004,20167
Saline,1,2016,54977,20169
Scott,1,2016,4983,20171
Sedgwick,1,2016,513188,20173
Seward,1,2016,22878,20175
Shawnee,1,2016,178426,20177
Sheridan,1,2016,2487,20179
Sherman,1,2016,5954,20181
Smith,1,2016,3656,20183
Stafford,1,2016,4186,20185
Stanton,1,2016,2089,20187
Stevens,1,2016,5661,20189
Sumner,1,2016,23165,20191
Thomas,1,2016,7847,20193
Trego,1,2016,2849,20195
Wabaunsee,1,2016,6881,20197
Wallace,1,2016,1502,20199
Washington,1,2016,5563,20201
Wichita,1,2016,2130,20203
Wilson,1,2016,8700,20205
Woodson,1,2016,3190,20207
Wyandotte,1,2016,164934,20209
Kansas,1,2016,2911263,
Allen,1,2017,12518,20001
Anderson,1,2017,7860,20003
Atchison,1,2017,16301,20005
Barber,1,2017,4583,20007
Barton,1,2017,26432,20009
Bourbon,1,2017,14676,20011
Brown,1,2017,9612,20013
Butler,1,2017,66836,20015
Chase,1,2017,2658,20017
Chautauqua,1,2017,3328,20019
Cherokee,1,2017,20114,20021
Cheyenne,1,2017,2690,20023
Clark,1,2017,1999,20025
Clay,1,2017,8016,20027
Cloud,1,2017,8944,20029
Coffey,1,2017,8228,20031
Comanche,1,2017,1767,20033
Cowley,1,2017,35356,20035
Crawford,1,2017,39031,20037
Decatur,1,2017,2878,20039
Dickinson,1,2017,18842,20041
Doniphan,1,2017,7665,20043
Douglas,1,2017,120629,20045
Edwards,1,2017,2893,20047
Elk,1,2017,2522,20049
Ellis,1,2017,28769,20051
Ellsworth,1,2017,6307,20053
Finney,1,2017,36853,20055
Ford,1,2017,34288,20057
Franklin,1,2017,25657,20059
Geary,1,2017,33633,20061
Gove,1,2017,2630,20063
Graham,1,2017,2505,20065
Grant,1,2017,7518,20067
Gray,1,2017,5996,20069
Greeley,1,2017,1233,20071
Greenwood,1,2017,6094,20073
Hamilton,1,2017,2620,20075
Harper,1,2017,5583,20077
Harvey,1,2017,34413,20079
Haskell,1,2017,4031,20081
Hodgeman,1,2017,1849,20083
Jackson,1,2017,13321,20085
Jefferson,1,2017,18990,20087
Jewell,1,2017,2855,20089
Johnson,1,2017,591284,20091
Kearny,1,2017,3940,20093
Kingman,1,2017,7313,20095
Kiowa,1,2017,2501,20097
Labette,1,2017,20152,20099
Lane,1,2017,1546,20101
Leavenworth,1,2017,81032,20103
Lincoln,1,2017,3051,20105
Linn,1,2017,9696,20107
Logan,1,2017,2834,20109
Lyon,1,2017,33344,20111
Mcpherson,1,2017,28673,20113
Marion,1,2017,11972,20115
Marshall,1,2017,9698,20117
Meade,1,2017,4260,20119
Miami,1,2017,33413,20121
Mitchell,1,2017,6191,20123
Montgomery,1,2017,32388,20125
Morris,1,2017,5466,20127
Morton,1,2017,2744,20129
Nemaha,1,2017,10098,20131
Neosho,1,2017,16028,20133
Ness,1,2017,2878,20135
Norton,1,2017,5436,20137
Osage,1,2017,15830,20139
Osborne,1,2017,3556,20141
Ottawa,1,2017,5834,20143
Pawnee,1,2017,6670,20145
Phillips,1,2017,5400,20147
Pottawatomie,1,2017,23972,20149
Pratt,1,2017,9513,20151
Rawlins,1,2017,2485,20153
Reno,1,2017,62688,20155
Republic,1,2017,4675,20157
Rice,1,2017,9598,20159
Riley,1,2017,73982,20161
Rooks,1,2017,5067,20163
Rush,1,2017,3065,20165
Russell,1,2017,6929,20167
Saline,1,2017,54529,20169
Scott,1,2017,4943,20171
Sedgwick,1,2017,513289,20173
Seward,1,2017,22199,20175
Shawnee,1,2017,178173,20177
Sheridan,1,2017,2531,20179
Sherman,1,2017,5948,20181
Smith,1,2017,3636,20183
Stafford,1,2017,4207,20185
Stanton,1,2017,2029,20187
Stevens,1,2017,5573,20189
Sumner,1,2017,23098,20191
Thomas,1,2017,7830,20193
Trego,1,2017,2848,20195
Wabaunsee,1,2017,6839,20197
Wallace,1,2017,1526,20199
Washington,1,2017,5466,20201
Wichita,1,2017,2130,20203
Wilson,1,2017,8712,20205
Woodson,1,2017,3145,20207
Wyandotte,1,2017,165313,20209
Kansas,1,2017,2910689,
Allen,1,2018,12444,20001
Anderson,1,2018,7878,20003
Atchison,1,2018,16193,20005
Barber,1,2018,4472,20007
Barton,1,2018,26111,20009
Bourbon,1,2018,14653,20011
Brown,1,2018,9598,20013
Butler,1,2018,66765,20015
Chase,1,2018,2629,20017
Chautauqua,1,2018,3309,20019
Cherokee,1,2018,20015,20021
Cheyenne,1,2018,2660,20023
Clark,1,2018,2005,20025
Clay,1,2018,7997,20027
Cloud,1,2018,8729,20029
Coffey,1,2018,8233,20031
Comanche,1,2018,1748,20033
Cowley,1,2018,35218,20035
Crawford,1,2018,39019,20037
Decatur,1,2018,2871,20039
Dickinson,1,2018,18717,20041
Doniphan,1,2018,7682,20043
Douglas,1,2018,121436,20045
Edwards,1,2018,2849,20047
Elk,1,2018,2508,20049
Ellis,1,2018,28710,20051
Ellsworth,1,2018,6196,20053
Finney,1,2018,36611,20055
Ford,1,2018,33888,20057
Franklin,1,2018,25631,20059
Geary,1,2018,32594,20061
Gove,1,2018,2612,20063
Graham,1,2018,2492,20065
Grant,1,2018,7336,20067
Gray,1,2018,6033,20069
Greeley,1,2018,1227,20071
Greenwood,1,2018,6055,20073
Hamilton,1,2018,2607,20075
Harper,1,2018,5506,20077
Harvey,1,2018,34210,20079
Haskell,1,2018,3997,20081
Hodgeman,1,2018,1818,20083
Jackson,1,2018,13280,20085
Jefferson,1,2018,18975,20087
Jewell,1,2018,2841,20089
Johnson,1,2018,597555,20091
Kearny,1,2018,3943,20093
Kingman,1,2018,7310,20095
Kiowa,1,2018,2516,20097
Labette,1,2018,19964,20099
Lane,1,2018,1560,20101
Leavenworth,1,2018,81352,20103
Lincoln,1,2018,3023,20105
Linn,1,2018,9750,20107
Logan,1,2018,2844,20109
Lyon,1,2018,33406,20111
Mcpherson,1,2018,28537,20113
Marion,1,2018,11950,20115
Marshall,1,2018,9722,20117
Meade,1,2018,4146,20119
Miami,1,2018,33680,20121
Mitchell,1,2018,6150,20123
Montgomery,1,2018,32120,20125
Morris,1,2018,5521,20127
Morton,1,2018,2667,20129
Nemaha,1,2018,10155,20131
Neosho,1,2018,15951,20133
Ness,1,2018,2840,20135
Norton,1,2018,5430,20137
Osage,1,2018,15941,20139
Osborne,1,2018,3475,20141
Ottawa,1,2018,5802,20143
Pawnee,1,2018,6562,20145
Phillips,1,2018,5317,20147
Pottawatomie,1,2018,24277,20149
Pratt,1,2018,9378,20151
Rawlins,1,2018,2508,20153
Reno,1,2018,62342,20155
Republic,1,2018,4664,20157
Rice,1,2018,9531,20159
Riley,1,2018,73703,20161
Rooks,1,2018,5013,20163
Rush,1,2018,3093,20165
Russell,1,2018,6907,20167
Saline,1,2018,54401,20169
Scott,1,2018,4897,20171
Sedgwick,1,2018,513607,20173
Seward,1,2018,21780,20175
Shawnee,1,2018,177499,20177
Sheridan,1,2018,2533,20179
Sherman,1,2018,5899,20181
Smith,1,2018,3603,20183
Stafford,1,2018,4178,20185
Stanton,1,2018,1987,20187
Stevens,1,2018,5559,20189
Sumner,1,2018,22996,20191
Thomas,1,2018,7711,20193
Trego,1,2018,2793,20195
Wabaunsee,1,2018,6899,20197
Wallace,1,2018,1503,20199
Washington,1,2018,5420,20201
Wichita,1,2018,2105,20203
Wilson,1,2018,8665,20205
Woodson,1,2018,3183,20207
Wyandotte,1,2018,165324,20209
Kansas,1,2018,2911505,